timestamp,accel_x,accel_y,accel_z,gyro_alpha,gyro_beta,gyro_gamma
1778763935425,0.6000000000000001,-0.1,9.9,0.1,0.1,0
1778763935442,0.6000000000000001,-0.1,9.9,0,0,0
1778763935459,0.5,-0.1,9.9,0,0,0
1778763935476,0.6000000000000001,-0.1,9.9,-0.1,0.1,0
1778763935493,0.6000000000000001,-0.1,9.9,0,0,0.1
1778763935513,0.6000000000000001,-0.1,9.9,0.1,0,0
1778763935526,0.6000000000000001,-0.1,9.9,-0.1,0,0
1778763935542,0.5,-0.1,9.9,-0.1,0,0
1778763935559,0.6000000000000001,-0.1,9.9,0,0,0
1778763935576,0.6000000000000001,-0.1,9.9,-0.1,0,0
1778763935593,0.5,-0.1,9.9,-0.1,0,0.1
1778763935609,0.6000000000000001,-0.1,9.9,-0.1,0,0
1778763935626,0.5,-0.1,9.9,0.1,0,0
1778763935643,0.6000000000000001,-0.1,9.9,-0.1,0,-0.1
1778763935658,0.6000000000000001,-0.1,9.9,-0.1,0,-0.1
1778763935676,0.6000000000000001,-0.1,9.9,0.1,0.1,0
1778763935693,0.5,-0.1,9.9,0,-0.1,0
1778763935709,0.6000000000000001,-0.1,9.9,0,0.1,0
1778763935725,0.6000000000000001,-0.1,9.9,0,0.1,0.1
1778763935743,0.6000000000000001,-0.1,9.9,0,0,0
1778763935760,0.6000000000000001,-0.1,9.9,-0.1,0,0
1778763935775,0.6000000000000001,-0.1,9.9,0,0.1,0
1778763935793,0.6000000000000001,-0.1,9.9,0,0,0
1778763935809,0.6000000000000001,-0.1,9.9,0,-0.1,0
1778763935826,0.6000000000000001,-0.1,9.9,0,0,0
1778763935842,0.6000000000000001,-0.1,9.9,0,0,0
1778763935859,0.6000000000000001,-0.1,9.9,0,0,0
1778763935875,0.6000000000000001,-0.1,9.9,0,0,0.1
1778763935894,0.6000000000000001,-0.1,9.9,0,-0.1,0
1778763935909,0.6000000000000001,-0.1,9.9,0.1,0,0
1778763935930,0.6000000000000001,-0.1,9.9,0,0,0
1778763935943,0.6000000000000001,-0.1,9.9,0,0,0
1778763935959,0.6000000000000001,-0.2,9.9,0,0,0
1778763935975,0.6000000000000001,-0.1,9.9,0,0,0
1778763935993,0.6000000000000001,-0.1,9.9,-0.1,0,0
1778763936010,0.6000000000000001,-0.1,9.9,-0.1,0.1,0
1778763936026,0.6000000000000001,-0.2,9.9,-0.1,0.1,0
1778763936042,0.5,-0.1,9.9,0.1,-0.1,0
1778763936059,0.6000000000000001,-0.1,9.9,0,0,0
1778763936076,0.6000000000000001,-0.1,9.9,0,-0.1,0
1778763936094,0.6000000000000001,-0.1,9.9,-0.1,0.1,0
1778763936109,0.6000000000000001,-0.1,9.9,0.1,0.1,0
1778763936126,0.6000000000000001,-0.1,9.9,0.1,0.1,0.1
1778763936142,0.6000000000000001,-0.1,9.9,0.1,-0.1,0
1778763936160,0.6000000000000001,-0.1,9.9,0,0,0
1778763936176,0.6000000000000001,-0.1,9.9,0.1,-0.1,0
1778763936192,0.6000000000000001,-0.1,9.9,0.1,0,0
1778763936209,0.6000000000000001,-0.1,9.9,0,0.1,0
1778763936226,0.6000000000000001,-0.1,9.9,-0.1,0,0
1778763936243,0.6000000000000001,-0.1,9.9,0.1,0,0
1778763936260,0.6000000000000001,-0.1,9.9,0,0,0.1
1778763936277,0.6000000000000001,-0.1,9.9,0,-0.1,0
1778763936292,0.5,-0.1,9.9,0,-0.1,0
1778763936309,0.6000000000000001,-0.1,9.9,0.1,0,0
1778763936325,0.6000000000000001,-0.1,9.9,0,0.1,0
1778763936343,0.6000000000000001,-0.2,9.9,0,-0.1,0
1778763936359,0.5,-0.1,9.9,0.1,0,0
1778763936376,0.6000000000000001,-0.1,9.9,0,0.1,0
1778763936392,0.6000000000000001,-0.1,9.9,0,0,0.1
1778763936410,0.6000000000000001,-0.1,9.9,0,0,0
1778763936425,0.6000000000000001,-0.1,9.9,0,0,0
1778763936442,0.6000000000000001,-0.1,9.9,0,0.1,0
1778763936459,0.6000000000000001,-0.1,9.9,0.1,0.1,0.1
1778763936476,0.6000000000000001,-0.2,9.9,0,-0.1,0
1778763936495,0.6000000000000001,-0.1,9.9,0,0,0
1778763936510,0.5,-0.1,9.9,-0.1,0,0
1778763936526,0.6000000000000001,-0.1,9.9,0,0,0
1778763936544,0.6000000000000001,-0.1,9.9,-0.1,0,0
1778763936559,0.6000000000000001,-0.1,9.9,0,0,0
1778763936576,0.5,-0.2,9.9,-0.1,0,0
1778763936593,0.6000000000000001,-0.1,9.9,0,0,0
1778763936608,0.6000000000000001,-0.1,9.9,0,0,0
1778763936627,0.6000000000000001,-0.1,9.9,0.1,0,0
1778763936643,0.6000000000000001,-0.1,9.9,0.1,0.2,0
1778763936659,0.6000000000000001,-0.1,9.9,0,0,0
1778763936677,0.6000000000000001,-0.1,9.9,0,0,0
1778763936692,0.6000000000000001,-0.2,9.9,0,0,0
1778763936711,0.6000000000000001,-0.1,9.9,0.1,-0.1,0
1778763936727,0.6000000000000001,-0.1,9.9,-0.1,-0.1,0
1778763936744,0.6000000000000001,-0.1,9.9,0,0,0
1778763936760,0.6000000000000001,-0.1,9.9,0,-0.1,0
1778763936777,0.6000000000000001,-0.1,9.9,0.1,0.1,0
1778763936792,0.5,-0.1,9.9,0.1,0,0
1778763936810,0.6000000000000001,-0.2,9.9,0.1,-0.1,0
1778763936830,0.5,-0.1,9.9,-0.1,0,0
1778763936844,0.6000000000000001,-0.1,9.9,-0.1,-0.1,0
1778763936859,0.5,-0.1,9.9,-0.1,0,0
1778763936875,0.6000000000000001,-0.2,9.9,-0.1,0,0
1778763936892,0.6000000000000001,-0.1,9.9,0.1,0,0
1778763936910,0.6000000000000001,-0.1,9.9,0,0,0.1
1778763936926,0.6000000000000001,-0.1,9.9,0,0,-0.1
1778763936942,0.6000000000000001,-0.1,9.9,0,-0.1,0
1778763936959,0.5,-0.2,9.9,0,0,0
1778763936977,0.6000000000000001,-0.1,10,-0.1,0,-0.1
1778763936993,0.6000000000000001,-0.1,9.9,-0.1,0,0
1778763937009,0.6000000000000001,-0.1,9.9,0,0,0
1778763937025,0.5,-0.1,9.9,-0.1,-0.1,0
1778763937045,0.6000000000000001,-0.1,9.9,0,0,-0.1
1778763937060,0.6000000000000001,-0.2,9.9,-0.2,0.1,0
1778763937075,0.6000000000000001,-0.1,10,0.1,-0.1,0
1778763937093,0.6000000000000001,-0.1,9.9,-0.2,0,0
1778763937109,0.6000000000000001,-0.1,9.9,-0.1,0,0
1778763937125,0.6000000000000001,-0.1,9.9,-0.1,0,0
1778763937142,0.6000000000000001,-0.1,9.9,0.1,-0.1,0
1778763937159,0.6000000000000001,-0.1,9.9,-0.1,0,0
1778763937176,0.6000000000000001,-0.1,9.9,-0.1,0,0.1
1778763937193,0.5,-0.1,9.9,-0.1,0,0
1778763937209,0.6000000000000001,-0.1,9.9,-0.1,0,0
1778763937227,0.6000000000000001,-0.1,9.9,0,0,0
1778763937244,0.6000000000000001,-0.1,9.9,-0.1,0,0
1778763937259,0.6000000000000001,-0.2,9.9,0.1,-0.1,0
1778763937276,0.6000000000000001,-0.1,9.9,0,-0.1,0
1778763937293,0.6000000000000001,-0.1,9.9,0.1,0,0
1778763937310,0.6000000000000001,-0.1,9.9,0,-0.1,0
1778763937328,0.6000000000000001,-0.1,9.9,0,0,0
1778763937342,0.6000000000000001,-0.1,9.9,0,0.1,0
1778763937359,0.6000000000000001,-0.1,9.9,0,0.1,0
1778763937376,0.6000000000000001,-0.1,9.9,0,0,0
1778763937393,0.6000000000000001,-0.1,9.9,-0.1,0,0
1778763937410,0.6000000000000001,-0.1,9.9,0,0,0
1778763937425,0.6000000000000001,-0.1,9.9,0,0,0
1778763937443,0.6000000000000001,-0.1,9.9,0.1,0,0.1
1778763937459,0.6000000000000001,-0.1,9.9,-0.1,0,0.1
1778763937476,0.5,-0.1,9.9,0.1,0,0
1778763937492,0.5,-0.1,9.9,0.1,0,0
1778763937509,0.6000000000000001,-0.2,9.9,0.1,-0.1,-0.1
1778763937527,0.6000000000000001,-0.1,9.9,0,0,0
1778763937543,0.6000000000000001,-0.1,9.9,0.1,-0.1,0
1778763937559,0.6000000000000001,-0.1,9.9,0,0,0
1778763937579,0.6000000000000001,-0.1,9.9,0.1,0,0
1778763937592,0.6000000000000001,-0.1,9.9,0.1,0,0
1778763937609,0.6000000000000001,-0.1,9.9,0.1,0,0
1778763937627,0.6000000000000001,-0.1,9.9,0.1,-0.1,0
1778763937642,0.5,-0.1,9.9,0.1,0,0
1778763937663,0.6000000000000001,-0.2,9.9,0,0,0.1
1778763937676,0.6000000000000001,-0.1,9.9,0,0,0
1778763937692,0.6000000000000001,-0.1,9.9,0,0,0
1778763937709,0.6000000000000001,-0.1,9.9,0,0,0
1778763937727,0.6000000000000001,-0.1,9.9,0,-0.1,0
1778763937745,0.6000000000000001,-0.1,9.9,0,-0.1,0
1778763937759,0.6000000000000001,-0.2,9.9,0,0,0
1778763937776,0.6000000000000001,-0.1,9.9,-0.1,0,0
1778763937793,0.6000000000000001,-0.1,9.9,0,0,0
1778763937809,0.6000000000000001,-0.2,9.9,0,0,0
1778763937826,0.6000000000000001,-0.2,9.9,0.1,0,0
1778763937843,0.6000000000000001,-0.2,9.9,0.1,0,-0.1
1778763937860,0.6000000000000001,-0.1,9.9,-0.1,0,0
1778763937876,0.6000000000000001,-0.1,9.9,0,0,0
1778763937892,0.6000000000000001,-0.1,9.9,0,0,-0.1
1778763937910,0.6000000000000001,-0.1,9.9,0,0,0
1778763937926,0.4,-0.2,9.9,0.30000000000000004,-0.30000000000000004,-0.2
1778763937943,0.7000000000000001,0.1,10.100000000000001,-1.2000000000000002,0.8,1.4
1778763937959,0.4,-0.2,10,0.1,0.2,2.2
1778763937976,0.5,0.1,9.9,0.1,-0.1,2.2
1778763937993,0.5,0,9.9,-0.1,0,3.7000000000000006
1778763938009,0.4,-0.1,9.9,-0.1,0,4.9
1778763938026,0.5,0,9.9,0.2,-0.1,4.9
1778763938044,0.7000000000000001,-0.4,9.9,0.2,-0.1,4.4
1778763938059,0.7000000000000001,-0.30000000000000004,9.9,0.1,0,3.9
1778763938077,0.6000000000000001,-0.2,9.9,0,-0.1,2.9
1778763938093,0.4,0,9.9,-0.1,-0.1,2.2
1778763938111,0.5,0.2,9.9,0,-0.1,4.6
1778763938126,0.5,0.2,9.9,0.1,-0.2,5.8
1778763938142,0.5,-0.2,9.9,0,0,6.9
1778763938159,0.6000000000000001,-0.2,9.9,0,0,7.1000000000000005
1778763938176,0.6000000000000001,-0.1,9.9,0.2,0,7.200000000000001
1778763938193,0.5,0.1,9.9,0.1,0,7.400000000000001
1778763938209,0.4,0.1,9.9,0.1,0,8.100000000000001
1778763938226,0.5,0.1,9.9,0.2,-0.2,10
1778763938243,0.4,0.30000000000000004,9.9,0.2,-0.2,12.200000000000001
1778763938260,0.2,0.2,9.9,0.1,0.1,13.6
1778763938276,0.5,0.2,9.8,0.4,-0.2,16.3
1778763938292,0.5,0.2,10,0.1,-0.6000000000000001,18.900000000000002
1778763938308,0.5,0.1,9.700000000000001,0.2,-0.7,20.3
1778763938325,0.4,0,9.9,0.1,0.5,22.1
1778763938343,0.5,-0.1,10,0.4,-0.30000000000000004,22.6
1778763938359,0.5,0.1,9.8,0.7,-0.6000000000000001,23.6
1778763938376,0.5,-0.4,10,0.4,0.2,24.200000000000003
1778763938393,0.7000000000000001,-0.2,9.9,0.30000000000000004,0,24
1778763938410,0.6000000000000001,-0.4,10,-0.1,0.4,22.6
1778763938426,0.6000000000000001,-0.6000000000000001,9.9,0.2,0,20.5
1778763938444,0.5,-0.7000000000000001,9.9,0.4,-0.4,18.8
1778763938459,0.8,-0.5,9.8,0.7,-0.6000000000000001,14.400000000000002
1778763938476,0.8,-0.5,9.9,0.4,-0.1,11.3
1778763938494,0.6000000000000001,-0.5,9.9,0.4,0,10.299999999999999
1778763938509,0.7000000000000001,-0.4,9.9,0.1,0,8.3
1778763938525,0.7000000000000001,-0.5,9.9,0.4,-0.30000000000000004,7.200000000000001
1778763938544,0.7000000000000001,-0.4,9.9,0.2,-0.1,5.300000000000001
1778763938559,0.6000000000000001,-0.4,9.9,0.2,-0.1,3.6000000000000005
1778763938576,0.7000000000000001,-0.6000000000000001,9.9,0.2,-0.1,0.9000000000000001
1778763938593,0.6000000000000001,-0.4,9.9,0.4,-0.2,-0.4
1778763938609,0.4,-0.9,9.9,0.5,-0.1,-2.1
1778763938627,0.6000000000000001,-1.2000000000000002,10,0.8,-0.1,-4.5
1778763938642,1.4000000000000001,-2.5,9.9,0.2,0.2,-14.700000000000001
1778763938659,1.4000000000000001,-4.3,9.600000000000001,0.4,-0.5,-35.9
1778763938679,2.1,-5.6000000000000005,9.8,-0.4,1,-49.6
1778763938693,2.1,-6.2,9.3,-0.30000000000000004,0.8,-87.80000000000001
1778763938709,1.9000000000000001,-8.6,9.8,-1.4,0.8,-114.00000000000001
1778763938726,0.9,-8.3,9.4,-0.9000000000000001,-0.1,-168.3
1778763938742,0.30000000000000004,-9.3,9.8,-3.1,-0.1,-226.00000000000003
1778763938759,-0.2,-10.8,9.4,-4.5,1.8000000000000003,-254.9
1778763938776,-2.4000000000000004,-12,9.5,-4.300000000000001,0.30000000000000004,-322.70000000000005
1778763938793,-5,-13.5,10.200000000000001,-5.300000000000001,2.2,-399.6
1778763938810,-6.7,-13.3,8.9,-4,1.9,-437.5
1778763938826,-10,-13,8.3,-8.3,4.4,-509.4000000000001
1778763938842,-14.100000000000001,-7.2,10.200000000000001,-8.5,12.7,-554.6999999999999
1778763938859,-14.600000000000001,-4.6000000000000005,10.700000000000001,-9.2,5.6,-564.1
1778763938876,-20.6,-2.8000000000000003,7.2,-1,8.100000000000001,-560.3000000000001
1778763938893,-12.4,-5.1000000000000005,10.9,-2.6,-6.2,-551.2
1778763938910,-14,-4.7,10.8,-4.9,9,-546.5
1778763938926,-15.3,-2.4000000000000004,10.4,-7.9,4.7,-537.7
1778763938943,-14.100000000000001,-2.2,11.5,-8.600000000000001,2.9,-535.2
1778763938960,-13.600000000000001,-3.4000000000000004,8.5,-7,3.8,-530.5
1778763938976,-14.8,-3.3000000000000003,10.700000000000001,-6.300000000000001,6.300000000000001,-524.7
1778763938992,-13.8,-3.4000000000000004,10.9,-4,2.2,-521.2
1778763939009,-13.3,-3.2,9.600000000000001,-3.4,3.1,-515.5
1778763939026,-13.200000000000001,-3.2,10,-6.2,3.5,-510.5
1778763939043,-12.8,-3.2,10,-5.7,2.4000000000000004,-507.49999999999994
1778763939059,-12.700000000000001,-3.1,10.600000000000001,-6.300000000000001,1.7,-501.90000000000003
1778763939075,-12.600000000000001,-3.1,9.9,-4.7,1.2000000000000002,-496.2
1778763939092,-12.3,-3,10.8,-7.9,5.7,-493.30000000000007
1778763939109,-12.5,-3.1,10.9,-5.1000000000000005,4.300000000000001,-488.4000000000001
1778763939126,-11.8,-2.8000000000000003,10.4,-3,3.4,-485.20000000000005
1778763939142,-11.200000000000001,-3.1,9.8,-2.9,1.5,-480.8
1778763939160,-11,-2.8000000000000003,9.700000000000001,-2.6,4.6,-475.4000000000001
1778763939175,-10.8,-2.7,8.8,-1.8000000000000003,4.9,-470.40000000000003
1778763939192,-11.200000000000001,-2.5,10.9,-5.300000000000001,3.8,-468.4
1778763939209,-10.3,-2.6,9.700000000000001,-4.300000000000001,3.8,-462.9
1778763939226,-10.600000000000001,-2.5,9.9,-0.5,7.400000000000001,-459.99999999999994
1778763939243,-10.3,-2.3000000000000003,10.200000000000001,-3.8,4.9,-454.40000000000003
1778763939259,-10,-2.3000000000000003,9.3,-6.8,-2.4000000000000004,-451.5
1778763939277,-10.100000000000001,-2.2,10.600000000000001,-4,3.7000000000000006,-445.40000000000003
1778763939292,-9.200000000000001,-2.1,9.4,-4,1.8000000000000003,-439.29999999999995
1778763939309,-9.3,-1.9000000000000001,10.5,-6.300000000000001,1.5,-434.1
1778763939326,-8.700000000000001,-2,10.4,-6,2.5,-431.2
1778763939343,-8.700000000000001,-1.9000000000000001,9.200000000000001,-5.8,4.5,-426.2
1778763939360,-9,-1.9000000000000001,9.600000000000001,-6.4,6.300000000000001,-423.70000000000005
1778763939377,-8.200000000000001,-2,9.5,-5.1000000000000005,3,-418.6
1778763939393,-9.200000000000001,-2,10.600000000000001,-3.8,4.4,-413.1
1778763939409,-7.5,-1.9000000000000001,9.200000000000001,-4,1.7,-410
1778763939426,-8.6,-1.6,10.200000000000001,-5.300000000000001,2.2,-405.5
1778763939443,-7.800000000000001,-1.5,9.200000000000001,-1.2000000000000002,1.6,-399.8
1778763939459,-7.800000000000001,-1.5,11,-6.500000000000001,3.3000000000000007,-397.5
1778763939476,-7.5,-2,11,-6.300000000000001,1.9,-393
1778763939493,-7.4,-1.9000000000000001,8.8,-4.1,2.2,-388.30000000000007
1778763939510,-7.300000000000001,-1.6,9.200000000000001,-3.4,1.6,-386.50000000000006
1778763939526,-7,-1.8,9.9,-4.800000000000001,1.7,-382.4000000000001
1778763939543,-7,-1.9000000000000001,10,-3.4,3,-380.1
1778763939559,-6.9,-1.6,9.5,-4,2,-376
1778763939577,-7,-1.4000000000000001,9.3,-3,3.2,-372.9
1778763939592,-6.300000000000001,-1.5,9.700000000000001,-1.8000000000000003,2,-369.8
1778763939609,-6.7,-1.5,9.8,-4.4,3.8,-368.2
1778763939626,-6.6000000000000005,-1.4000000000000001,9.600000000000001,-3.6000000000000005,4.2,-364.30000000000007
1778763939642,-6.4,-1.4000000000000001,10.4,-4,1.2000000000000002,-362.80000000000007
1778763939659,-6.1000000000000005,-1.4000000000000001,10.5,-4.5,3.5,-359.2
1778763939676,-6.300000000000001,-1.2000000000000002,8.9,-1,5.2,-355.40000000000003
1778763939694,-6.300000000000001,-1.3,10.600000000000001,-4.1,1.8000000000000003,-353.70000000000005
1778763939709,-5.800000000000001,-1.4000000000000001,9.700000000000001,-3.1,4.1,-349
1778763939727,-6.1000000000000005,-1.1,11,-0.6000000000000001,6.1000000000000005,-344.00000000000006
1778763939743,-5.4,-1.1,10.8,-6.300000000000001,2,-341.8
1778763939759,-5.9,-0.9,8.3,-3.6000000000000005,2.1,-336.50000000000006
1778763939775,-5.4,-1.1,10.200000000000001,-2.1,4.300000000000001,-331.3
1778763939793,-5.300000000000001,-0.9,9.700000000000001,-5.6,0.4,-328.6
1778763939810,-5.300000000000001,-0.8,9.9,-4.7,4.1,-323.2
1778763939827,-5,-0.7000000000000001,10.5,-4.1,2.7,-320.6
1778763939844,-4.800000000000001,-0.6000000000000001,9.1,-2.5,4.1,-315.30000000000007
1778763939868,-4.5,-0.7000000000000001,9.9,-3.6000000000000005,2.4000000000000004,-306.6
1778763939877,-4.5,-0.9,10.100000000000001,-4.2,3.3000000000000007,-304
1778763939893,-4.7,-0.8,9.700000000000001,-2.7,2.9,-301.2
1778763939909,-4.4,-0.9,10.100000000000001,-3.3000000000000007,3.5,-295.4
1778763939926,-4.2,-0.6000000000000001,9.5,-3.5,2.7,-292.8
1778763939942,-3.9000000000000004,-0.8,9.4,-2.4000000000000004,0.8,-287.40000000000003
1778763939959,-3.8000000000000003,-0.8,10,-3.4,2.2,-282.4
1778763939976,-4,-0.6000000000000001,9.5,-4.2,-0.2,-279.8
1778763939992,-3.5,-0.6000000000000001,9.9,-3.2,1.6,-274.5
1778763940009,-3.4000000000000004,-0.6000000000000001,10.3,-2,0.7,-268.8
1778763940026,-3.6,-0.4,9.5,-2.4000000000000004,0.8,-266
1778763940042,-3.3000000000000003,-0.6000000000000001,10.9,-2.1,0.5,-260.29999999999995
1778763940059,-2.9000000000000004,-0.5,10.200000000000001,-2.6,2.4000000000000004,-255.2
1778763940075,-3.2,-0.4,10.600000000000001,-2.7,1.3,-252.40000000000003
1778763940092,-2.7,-0.6000000000000001,10.4,-3.6000000000000005,2.1,-246.9
1778763940109,-2.6,-0.30000000000000004,9.8,0.2,2.4000000000000004,-243.60000000000002
1778763940126,-2.9000000000000004,-0.4,10.4,-1,1.9,-238.1
1778763940142,-2.2,-0.2,10.700000000000001,-3.1,0.4,-232.5
1778763940159,-2.4000000000000004,-0.2,9.200000000000001,0.8,3.2,-229.70000000000002
1778763940177,-2.4000000000000004,-0.2,9.700000000000001,-0.6000000000000001,2.8,-224.1
1778763940193,-2,-0.2,10.100000000000001,-0.4,2.2,-218.4
1778763940210,-2,-0.30000000000000004,9.5,-2.1,1.2000000000000002,-215.9
1778763940225,-2,-0.2,9.9,-0.1,3.2,-210.3
1778763940242,-2.1,-0.1,10,-1,2.1,-207.4
1778763940259,-1.7000000000000002,-0.1,9.8,-1.5,1.9,-202.40000000000003
1778763940275,-1.7000000000000002,0,10,-1.3,2.2,-197.3
1778763940293,-1.4000000000000001,-0.2,10.100000000000001,-2,0.7,-192.29999999999998
1778763940309,-1.3,-0.1,9.8,-0.30000000000000004,3.5,-189.70000000000002
1778763940326,-1.5,0,10.100000000000001,-0.9000000000000001,1.6,-184.20000000000002
1778763940342,-1.3,-0.1,9.600000000000001,-1.2000000000000002,2.2,-181.2
1778763940359,-1,-0.1,9.200000000000001,-1.3,0.1,-176.10000000000002
1778763940376,-1.3,0,10.4,-0.7,1.9,-170.9
1778763940392,-1,-0.1,9.3,0,1.9,-168.2
1778763940409,-0.9,0.30000000000000004,9.5,-0.5,0,-163.5
1778763940426,-0.7000000000000001,0.30000000000000004,9.8,-3.7000000000000006,-0.1,-161.4
1778763940442,-1.2000000000000002,0,10.3,-2.2,1.5,-156.9
1778763940459,-0.6000000000000001,0,9.8,-1.3,3.4,-151.8
1778763940476,-0.6000000000000001,0.1,10,-3.1,-1.2000000000000002,-146.60000000000002
1778763940492,-0.8,0,9.200000000000001,-1.3,0.5,-143.8
1778763940509,-0.4,0,10.3,-1.6,0.7,-138.6
1778763940526,-0.4,0,9.600000000000001,-2.6,-0.9000000000000001,-136.4
1778763940542,-0.6000000000000001,0.6000000000000001,11.200000000000001,-2.5,2.4000000000000004,-132.1
1778763940558,-0.5,0.2,9.200000000000001,-0.6000000000000001,0.5,-128
1778763940576,-0.4,0.1,10.3,-1.1,3.6000000000000005,-125.80000000000001
1778763940592,-0.1,0,9.600000000000001,-1.5,-0.7,-121.2
1778763940609,-0.30000000000000004,0.1,10.3,-1.6,0.8,-116
1778763940626,-0.30000000000000004,0.2,9.700000000000001,-0.8,0,-113.4
1778763940642,-0.30000000000000004,0.30000000000000004,10.100000000000001,-1.4,1.6,-108.7
1778763940659,-0.1,0.4,10,-0.7,0,-106.4
1778763940676,0,0.30000000000000004,9.600000000000001,-1.1,0.8,-102.10000000000001
1778763940693,-0.1,0.2,10.200000000000001,-1,0.30000000000000004,-97.7
1778763940709,-0.1,0.4,9.600000000000001,-0.9000000000000001,0.1,-94.9
1778763940726,-0.1,0.4,10.5,-1.2000000000000002,1.2000000000000002,-90.30000000000001
1778763940742,0,0.30000000000000004,10.3,-2.2,2.9,-85.80000000000001
1778763940759,0.1,0.2,10.100000000000001,-0.7,0.7,-83.70000000000002
1778763940775,0.30000000000000004,0.30000000000000004,9.700000000000001,-1.2000000000000002,1,-79.00000000000001
1778763940793,0.2,0.2,9.8,-0.9000000000000001,-0.5,-73.8
1778763940809,0.1,0.4,9.4,-0.6000000000000001,0,-71.19999999999999
1778763940826,0.2,0.7000000000000001,10.200000000000001,-0.6000000000000001,-0.1,-66.7
1778763940843,0.1,0.7000000000000001,9.3,-0.4,-0.4,-64.7
1778763940859,0.1,0.30000000000000004,9.5,-0.2,0,-60.400000000000006
1778763940877,0.8,0.2,10.200000000000001,-0.8,0.9000000000000001,-55.60000000000001
1778763940892,0.30000000000000004,0.2,9.3,0.4,-0.30000000000000004,-51.2
1778763940909,0.30000000000000004,0.4,10.3,-1.3,1.6,-49
1778763940925,0.30000000000000004,0.6000000000000001,9.600000000000001,-0.4,-0.5,-44.5
1778763940942,0.2,0.6000000000000001,9.9,-1,1.3,-42.3
1778763940959,0.30000000000000004,0.5,10.100000000000001,-0.30000000000000004,-0.6000000000000001,-37.50000000000001
1778763940975,0.4,0.4,10.8,-1.6,2.1,-32.300000000000004
1778763940992,0.4,0.4,9.8,0.6000000000000001,-1.7,-29.900000000000006
1778763941009,0.5,0.5,11,-1.3,2,-25
1778763941025,0.30000000000000004,0.4,9.3,-0.2,0.6000000000000001,-20.599999999999998
1778763941044,0.30000000000000004,0.30000000000000004,10.8,-0.8,1.5,-18.3
1778763941059,0.5,0.4,9.8,-0.8,1.2000000000000002,-14.300000000000002
1778763941075,0.5,0.5,9.200000000000001,0.5,-1.4,-9.8
1778763941092,0.30000000000000004,0.5,10.100000000000001,-0.8,1.3,-7.1000000000000005
1778763941109,0.30000000000000004,0.5,9.4,0.4,-0.8,-2.2
1778763941126,0.7000000000000001,0,10.200000000000001,-0.6000000000000001,1,0.1
1778763941142,0.6000000000000001,-0.30000000000000004,9.700000000000001,0.1,-0.30000000000000004,-0.1
1778763941158,0.6000000000000001,-0.30000000000000004,9.8,0.2,-0.30000000000000004,0
1778763941176,0.6000000000000001,-0.30000000000000004,9.9,0.1,-0.1,0
1778763941192,0.7000000000000001,-0.2,9.8,0,-0.2,0
1778763941208,0.6000000000000001,-0.2,9.8,0.2,-0.4,-0.1
1778763941226,0.6000000000000001,-0.2,9.8,-0.1,0.1,0
1778763941243,0.6000000000000001,-0.2,9.700000000000001,0.2,-0.4,0
1778763941259,0.6000000000000001,-0.2,9.9,-0.2,0.4,0
1778763941277,0.6000000000000001,-0.2,9.700000000000001,0.2,-0.4,0
1778763941295,0.6000000000000001,-0.2,10,0.1,-0.2,0
1778763941309,0.6000000000000001,-0.2,10.100000000000001,-0.2,0.4,0
1778763941325,0.6000000000000001,-0.2,9.9,0.2,-0.30000000000000004,-0.2
1778763941342,0.6000000000000001,-0.2,10,-0.30000000000000004,0.4,0
1778763941359,0.6000000000000001,-0.2,9.9,0.1,-0.2,0
1778763941375,0.6000000000000001,-0.2,10,0,0.1,0
1778763941395,0.6000000000000001,-0.2,9.9,0.1,0,0
1778763941409,0.6000000000000001,-0.2,9.9,0.1,0,0
1778763941426,0.6000000000000001,-0.2,9.9,0.1,0,0
1778763941442,0.6000000000000001,-0.2,9.9,-0.1,0,0
1778763941459,0.6000000000000001,-0.2,10,0.1,0,0
1778763941475,0.6000000000000001,-0.2,9.9,-0.1,0,0.1
1778763941492,0.6000000000000001,-0.2,9.9,0,0,0
1778763941510,0.6000000000000001,-0.2,9.9,-0.1,0,0
1778763941525,0.6000000000000001,-0.2,9.9,-0.1,0,0
1778763941542,0.6000000000000001,-0.2,9.9,0.1,0,0
1778763941559,0.6000000000000001,-0.2,9.9,0,0.2,0
1778763941576,0.6000000000000001,-0.2,9.9,0.1,0,0
1778763941593,0.6000000000000001,-0.2,9.9,0,0,0
1778763941610,0.6000000000000001,-0.2,9.9,0,-0.2,0
1778763941625,0.6000000000000001,-0.2,9.9,0,-0.1,-0.1
1778763941644,0.6000000000000001,-0.2,9.9,-0.1,0.1,0
1778763941659,0.6000000000000001,-0.2,9.9,-0.1,0.1,0
1778763941675,0.6000000000000001,-0.2,9.9,0.1,0,0
1778763941693,0.6000000000000001,-0.2,9.9,0.1,0,0
1778763941709,0.6000000000000001,-0.2,9.9,0.1,-0.1,0
1778763941726,0.6000000000000001,-0.2,9.9,0,0,0
1778763941743,0.6000000000000001,-0.2,9.9,0,-0.1,0
1778763941760,0.6000000000000001,-0.2,9.9,0,-0.1,0
1778763941775,0.6000000000000001,-0.2,9.9,0.1,0.1,0
1778763941793,0.6000000000000001,-0.2,9.9,-0.1,0.1,0
1778763941810,0.6000000000000001,-0.2,9.9,0,0,0
1778763941826,0.6000000000000001,-0.2,9.9,0.1,0,0
1778763941844,0.6000000000000001,-0.2,9.9,0.1,0,0
1778763941859,0.6000000000000001,-0.2,9.9,0,0,0
1778763941875,0.6000000000000001,-0.2,9.9,0,0,0
1778763941892,0.6000000000000001,-0.2,9.9,0,0,0
1778763941909,0.6000000000000001,-0.2,9.9,0,-0.1,0
1778763941925,0.6000000000000001,-0.2,9.9,0,0.1,0
1778763941944,0.6000000000000001,-0.2,9.9,0,0,0
1778763941959,0.6000000000000001,-0.2,9.9,-0.1,0,0
1778763941975,0.6000000000000001,-0.2,9.9,0,0.1,0
1778763941992,0.6000000000000001,-0.2,9.9,0.1,-0.1,0
1778763942009,0.6000000000000001,-0.2,9.9,0.1,-0.1,0
1778763942025,0.6000000000000001,-0.2,9.9,0,0,0
1778763942042,0.6000000000000001,-0.2,9.9,0,0.1,-0.1
1778763942059,0.6000000000000001,-0.2,9.9,-0.1,0.1,0
1778763942076,0.6000000000000001,-0.2,9.9,0.1,0,-0.1
1778763942092,0.6000000000000001,-0.2,9.9,0,0,0
1778763942109,0.6000000000000001,-0.2,9.9,0,-0.1,0
1778763942125,0.6000000000000001,-0.2,9.9,0,0.1,0
1778763942142,0.6000000000000001,-0.2,9.9,0,0,-0.1
1778763942159,0.6000000000000001,-0.2,9.9,0,0.1,0
1778763942176,0.6000000000000001,-0.2,9.9,0,0,0
1778763942192,0.6000000000000001,-0.2,9.9,0.1,0,0
1778763942209,0.6000000000000001,-0.2,9.9,0,0.1,0
1778763942225,0.6000000000000001,-0.2,9.9,0,0,0
1778763942242,0.6000000000000001,-0.2,9.9,0,0,-0.1
1778763942259,0.6000000000000001,-0.2,9.9,-0.1,-0.1,0
1778763942275,0.6000000000000001,-0.2,9.9,0,0.1,0
1778763942292,0.6000000000000001,-0.2,9.9,0,0,0
1778763942309,0.6000000000000001,-0.2,9.9,0.1,-0.1,0
1778763942326,0.6000000000000001,-0.2,9.9,0,0,0
1778763942343,0.6000000000000001,-0.2,9.9,0.1,0,0
1778763942359,0.6000000000000001,-0.2,9.9,-0.1,0,0
1778763942376,0.6000000000000001,-0.2,9.9,0.1,0,0
1778763942394,0.6000000000000001,-0.2,9.9,0,0,0
1778763942414,0.6000000000000001,-0.2,9.9,-0.1,-0.1,0
1778763942427,0.6000000000000001,-0.2,9.9,0.1,0,0
1778763942442,0.6000000000000001,-0.2,9.9,0,0,-0.1
1778763942459,0.6000000000000001,-0.2,9.9,-0.1,0,0
1778763942475,0.6000000000000001,-0.2,9.9,0,0,0.1
1778763942492,0.6000000000000001,-0.2,9.9,0,0,-0.1
1778763942509,0.6000000000000001,-0.2,9.9,0,-0.1,0.1
1778763942526,0.6000000000000001,-0.2,9.9,0.1,0,0
1778763942543,0.6000000000000001,-0.2,9.9,0,-0.1,0
1778763942559,0.6000000000000001,-0.2,9.9,-0.1,0,0
1778763942576,0.6000000000000001,-0.2,9.9,0.1,0,0
1778763942592,0.6000000000000001,-0.2,9.9,-0.1,0,0
1778763942609,0.6000000000000001,-0.2,9.9,0,0,0
1778763942625,0.6000000000000001,-0.2,9.9,0,0,0
1778763942643,0.6000000000000001,-0.2,9.9,0.1,0,-0.1
1778763942659,0.6000000000000001,-0.2,9.9,0,0,0
1778763942676,0.6000000000000001,-0.2,9.9,-0.1,0,0.1
1778763942692,0.6000000000000001,-0.2,9.9,0,0,0
1778763942708,0.6000000000000001,-0.2,9.9,0,0,0
1778763942725,0.6000000000000001,-0.2,9.9,0,0,0
1778763942742,0.6000000000000001,-0.2,9.9,0,0,0
1778763942759,0.6000000000000001,-0.2,9.9,0.1,0,0.1
1778763942776,0.6000000000000001,-0.2,9.9,-0.1,0.1,0
1778763942792,0.6000000000000001,-0.2,9.9,0.1,0.1,0
1778763942809,0.6000000000000001,-0.2,9.9,0,0.1,0
1778763942827,0.6000000000000001,-0.2,9.9,0,0,-0.1
1778763942843,0.6000000000000001,-0.2,9.9,0,0,0
1778763942860,0.6000000000000001,-0.2,9.9,0,0,0
1778763942875,0.6000000000000001,-0.2,9.9,0.1,0.1,0
1778763942892,0.6000000000000001,-0.2,9.9,0,0,0
1778763942908,0.6000000000000001,-0.2,9.9,0,0,0
1778763942925,0.6000000000000001,-0.2,9.9,0,0,0
1778763942946,0.6000000000000001,-0.2,9.9,-0.1,0,0
1778763942959,0.6000000000000001,-0.2,9.9,-0.1,0,0
1778763942978,0.6000000000000001,-0.2,9.9,-0.1,0,0
1778763942994,0.6000000000000001,-0.2,9.9,0.1,0,0
1778763943011,0.6000000000000001,-0.2,9.9,0.1,0,0
1778763943028,0.6000000000000001,-0.2,9.9,0,-0.1,0.1
1778763943045,0.6000000000000001,-0.2,9.9,0,0,0
1778763943058,0.6000000000000001,-0.2,9.9,0,0,0
1778763943076,0.6000000000000001,-0.2,9.9,-0.1,0,0
1778763943093,0.6000000000000001,-0.2,9.9,0,0,0
1778763943109,0.6000000000000001,-0.2,9.9,-0.1,0,0
1778763943126,0.6000000000000001,-0.2,9.9,0.1,0,-0.1
1778763943142,0.6000000000000001,-0.2,9.9,0,0,0
1778763943160,0.6000000000000001,-0.2,9.9,0,0,0.1
1778763943176,0.6000000000000001,-0.2,9.9,0,0,0
1778763943192,0.6000000000000001,-0.2,9.9,0,0,0
1778763943209,0.6000000000000001,-0.2,9.9,0,0.2,0
1778763943226,0.6000000000000001,-0.2,9.9,-0.1,0,0
1778763943242,0.6000000000000001,-0.2,9.9,0.1,0.1,-0.1
1778763943258,0.6000000000000001,-0.2,9.9,0.1,0,-0.1
1778763943276,0.6000000000000001,-0.2,9.9,-0.1,0.2,0
1778763943292,0.6000000000000001,-0.2,9.9,0,0,0
1778763943309,0.6000000000000001,-0.2,9.9,0,0,0.2
1778763943325,0.6000000000000001,-0.2,9.9,-0.1,0,0
1778763943342,0.6000000000000001,-0.2,9.9,0.1,0.1,0
1778763943359,0.6000000000000001,-0.2,9.9,0,0,0
1778763943375,0.6000000000000001,-0.2,9.9,0,0,0
1778763943392,0.6000000000000001,-0.2,9.9,0,-0.1,0
1778763943409,0.6000000000000001,-0.2,9.9,0,-0.1,0
1778763943425,0.6000000000000001,-0.2,9.9,-0.1,0.1,0
1778763943442,0.6000000000000001,-0.2,9.9,0.1,0,0
1778763943459,0.6000000000000001,-0.2,9.9,0.1,0,0
1778763943475,0.6000000000000001,-0.2,9.9,0.1,0,0
1778763943493,0.6000000000000001,-0.2,9.9,0,-0.1,-0.1
1778763943510,0.6000000000000001,-0.2,9.9,0,-0.1,0
1778763943533,0.8,-0.1,8.200000000000001,5.6,-3,0.4
1778763943543,0.8,0.30000000000000004,13.100000000000001,-4.800000000000001,7.6,1.6
1778763943559,0.4,-0.9,8.1,-2.9,2.1,0.9000000000000001
1778763943576,0.9,0.2,7.9,1.2000000000000002,-4.2,-0.5
